Workbook

Sheet Employee Master
A1: S.D. Pharmaceuticals — Employee Master
A2: Fill in one row per employee. Basic = fixed monthly amount paid in full. Daily Allowance = variable amount paid per day actually present.
A4: Employee Name | B4: Basic (Monthly, ₹) | C4: Daily Allowance (₹/day) | D4: Notes
A5: Samir Das | B5: 12000 | C5: 525
A6: Sujit Das | B6: 7000 | C6: 255
A7: Bishnu Das | B7: 5000 | C7: 250
A8: Soumen Roy | B8: 6000 | C8: 270
A9: Mangal Bannerjee | B9: 5000 | C9: 215
A10: Partha Das | D10: Joined 1-Jul-2026 (no salary before this)

Sheet Monthly Working Days
A1: Total Working Days per Month
A2: Enter Month as "Mon-YYYY" (e.g. Jul-2026). Add a new row each month.
A4: Month | B4: Total Working Days | C4: Notes
A5: Jul-2026 | B5: 26

Sheet Attendance Log
A1: Attendance Log — log ONLY the days an employee was ABSENT
A2: Every working day, add one row per absent employee. Present days are calculated automatically (Working Days − Absences).
A4: Date | B4: Employee Name | C4: Month (auto) | D4: Reason (optional)
C5: =IF(A5="","",TEXT(A5,"MMM-YYYY"))
C6: =IF(A6="","",TEXT(A6,"MMM-YYYY"))
C7: =IF(A7="","",TEXT(A7,"MMM-YYYY"))
C8: =IF(A8="","",TEXT(A8,"MMM-YYYY"))
C9: =IF(A9="","",TEXT(A9,"MMM-YYYY"))
C10: =IF(A10="","",TEXT(A10,"MMM-YYYY"))
C11: =IF(A11="","",TEXT(A11,"MMM-YYYY"))
C12: =IF(A12="","",TEXT(A12,"MMM-YYYY"))
C13: =IF(A13="","",TEXT(A13,"MMM-YYYY"))
C14: =IF(A14="","",TEXT(A14,"MMM-YYYY"))
C15: =IF(A15="","",TEXT(A15,"MMM-YYYY"))
C16: =IF(A16="","",TEXT(A16,"MMM-YYYY"))
... C404: =IF(A404="","",TEXT(A404,"MMM-YYYY"))

Sheet FY Opening Leaves
A1: FY Opening Leave Balances
A2: Leaves already taken BEFORE this tracker started, per employee per FY (Apr-Mar). FY Label = "FY" + year the FY starts (e.g. Apr 2026-Mar 2027 = "FY2026"). Leave at 0 if not applicable; add a new FY block each year if needed.
A4: FY Label | B4: Employee Name | C4: Opening Leaves
A5: FY2026 | B5: Samir Das | C5: 0
A6: FY2026 | B6: Sujit Das | C6: 0
A7: FY2026 | B7: Bishnu Das | C7: 0
A8: FY2026 | B8: Soumen Roy | C8: 0
A9: FY2026 | B9: Mangal Bannerjee | C9: 0
A10: FY2026 | B10: Partha Das | C10: 0

Sheet Monthly Payslip Summary
A1: Monthly Payslip Summary
O2: Helper dates (do not edit)
A3: Month: | B3: Jul-2026 | C3: ← change this each month, then read the rows below | O3: Month Start | P3: =DATEVALUE("01-"&$B$3) -> 46204
O4: Month End | P4: =EOMONTH($P$3,0) -> 46234
A5: Employee Name | B5: Basic (₹) | C5: Daily Allowance (₹/day) | D5: Total Working Days | E5: Days Absent | F5: Days Present | G5: Variable Payout (₹) | H5: FY Leaves Used Before This Month | I5: FY Leaves Used Incl. This Month | J5: Excess Leaves (beyond 30/FY) | K5: Basic Deduction (₹) | L5: Adjusted Basic (₹) | M5: Total Payout (₹) | O5: FY Start | P5: =IF(MONTH($P$3)>=4,DATE(YEAR($P$3),4,1),DATE(YEAR($P$3)-1,4,1)) -> 46113
A6: ='Employee Master'!A5 -> Samir Das | B6: =IF($A6="","",'Employee Master'!B5) -> 12000 | C6: =IF($A6="","",'Employee Master'!C5) -> 525 | D6: =IF($A6="","",IFERROR(VLOOKUP($B$3,'Monthly Working Days'!$A$5:$B$24,2,0),"")) -> 26 | E6: =IF($A6="","",COUNTIFS('Attendance Log'!$B$5:$B$404,$A6,'Attendance Log'!$C$5:$C$404,$B$3)) -> 0 | F6: =IF($A6="","",D6-E6) -> 26 | G6: =IF($A6="","",C6*F6) -> 13650 | H6: =IF($A6="","",COUNTIFS('Attendance Log'!$A$5:$A$404,">="&$P$5,'Attendance Log'!$A$5:$A$404,"<="&$P$6,'Attendance Log'!$B$5:$B$404,$A6)+IFERROR(SUMIFS('FY Opening Leaves'!$C:$C,'FY Opening Leaves'!$A:$A,$P$7,'FY Opening Leaves'!$B:$B,$A6),0)) -> 0 | I6: =IF($A6="","",H6+E6) -> 0 | J6: =IF($A6="","",MAX(0,I6-30)-MAX(0,H6-30)) -> 0 | K6: =IF($A6="","",IFERROR(J6*(B6/D6),0)) -> 0 | L6: =IF($A6="","",B6-K6) -> 12000 | M6: =IF($A6="","",L6+G6) -> 25650 | O6: Prev Month End | P6: =$P$3-1 -> 46203
A7: ='Employee Master'!A6 -> Sujit Das | B7: =IF($A7="","",'Employee Master'!B6) -> 7000 | C7: =IF($A7="","",'Employee Master'!C6) -> 255 | D7: =IF($A7="","",IFERROR(VLOOKUP($B$3,'Monthly Working Days'!$A$5:$B$24,2,0),"")) -> 26 | E7: =IF($A7="","",COUNTIFS('Attendance Log'!$B$5:$B$404,$A7,'Attendance Log'!$C$5:$C$404,$B$3)) -> 0 | F7: =IF($A7="","",D7-E7) -> 26 | G7: =IF($A7="","",C7*F7) -> 6630 | H7: =IF($A7="","",COUNTIFS('Attendance Log'!$A$5:$A$404,">="&$P$5,'Attendance Log'!$A$5:$A$404,"<="&$P$6,'Attendance Log'!$B$5:$B$404,$A7)+IFERROR(SUMIFS('FY Opening Leaves'!$C:$C,'FY Opening Leaves'!$A:$A,$P$7,'FY Opening Leaves'!$B:$B,$A7),0)) -> 0 | I7: =IF($A7="","",H7+E7) -> 0 | J7: =IF($A7="","",MAX(0,I7-30)-MAX(0,H7-30)) -> 0 | K7: =IF($A7="","",IFERROR(J7*(B7/D7),0)) -> 0 | L7: =IF($A7="","",B7-K7) -> 7000 | M7: =IF($A7="","",L7+G7) -> 13630 | O7: FY Label | P7: ="FY"&YEAR($P$5) -> FY2026
A8: ='Employee Master'!A7 -> Bishnu Das | B8: =IF($A8="","",'Employee Master'!B7) -> 5000 | C8: =IF($A8="","",'Employee Master'!C7) -> 250 | D8: =IF($A8="","",IFERROR(VLOOKUP($B$3,'Monthly Working Days'!$A$5:$B$24,2,0),"")) -> 26 | E8: =IF($A8="","",COUNTIFS('Attendance Log'!$B$5:$B$404,$A8,'Attendance Log'!$C$5:$C$404,$B$3)) -> 0 | F8: =IF($A8="","",D8-E8) -> 26 | G8: =IF($A8="","",C8*F8) -> 6500 | H8: =IF($A8="","",COUNTIFS('Attendance Log'!$A$5:$A$404,">="&$P$5,'Attendance Log'!$A$5:$A$404,"<="&$P$6,'Attendance Log'!$B$5:$B$404,$A8)+IFERROR(SUMIFS('FY Opening Leaves'!$C:$C,'FY Opening Leaves'!$A:$A,$P$7,'FY Opening Leaves'!$B:$B,$A8),0)) -> 0 | I8: =IF($A8="","",H8+E8) -> 0 | J8: =IF($A8="","",MAX(0,I8-30)-MAX(0,H8-30)) -> 0 | K8: =IF($A8="","",IFERROR(J8*(B8/D8),0)) -> 0 | L8: =IF($A8="","",B8-K8) -> 5000 | M8: =IF($A8="","",L8+G8) -> 11500
A9: ='Employee Master'!A8 -> Soumen Roy | B9: =IF($A9="","",'Employee Master'!B8) -> 6000 | C9: =IF($A9="","",'Employee Master'!C8) -> 270 | D9: =IF($A9="","",IFERROR(VLOOKUP($B$3,'Monthly Working Days'!$A$5:$B$24,2,0),"")) -> 26 | E9: =IF($A9="","",COUNTIFS('Attendance Log'!$B$5:$B$404,$A9,'Attendance Log'!$C$5:$C$404,$B$3)) -> 0 | F9: =IF($A9="","",D9-E9) -> 26 | G9: =IF($A9="","",C9*F9) -> 7020 | H9: =IF($A9="","",COUNTIFS('Attendance Log'!$A$5:$A$404,">="&$P$5,'Attendance Log'!$A$5:$A$404,"<="&$P$6,'Attendance Log'!$B$5:$B$404,$A9)+IFERROR(SUMIFS('FY Opening Leaves'!$C:$C,'FY Opening Leaves'!$A:$A,$P$7,'FY Opening Leaves'!$B:$B,$A9),0)) -> 0 | I9: =IF($A9="","",H9+E9) -> 0 | J9: =IF($A9="","",MAX(0,I9-30)-MAX(0,H9-30)) -> 0 | K9: =IF($A9="","",IFERROR(J9*(B9/D9),0)) -> 0 | L9: =IF($A9="","",B9-K9) -> 6000 | M9: =IF($A9="","",L9+G9) -> 13020
A10: ='Employee Master'!A9 -> Mangal Bannerjee | B10: =IF($A10="","",'Employee Master'!B9) -> 5000 | C10: =IF($A10="","",'Employee Master'!C9) -> 215 | D10: =IF($A10="","",IFERROR(VLOOKUP($B$3,'Monthly Working Days'!$A$5:$B$24,2,0),"")) -> 26 | E10: =IF($A10="","",COUNTIFS('Attendance Log'!$B$5:$B$404,$A10,'Attendance Log'!$C$5:$C$404,$B$3)) -> 0 | F10: =IF($A10="","",D10-E10) -> 26 | G10: =IF($A10="","",C10*F10) -> 5590 | H10: =IF($A10="","",COUNTIFS('Attendance Log'!$A$5:$A$404,">="&$P$5,'Attendance Log'!$A$5:$A$404,"<="&$P$6,'Attendance Log'!$B$5:$B$404,$A10)+IFERROR(SUMIFS('FY Opening Leaves'!$C:$C,'FY Opening Leaves'!$A:$A,$P$7,'FY Opening Leaves'!$B:$B,$A10),0)) -> 0 | I10: =IF($A10="","",H10+E10) -> 0 | J10: =IF($A10="","",MAX(0,I10-30)-MAX(0,H10-30)) -> 0 | K10: =IF($A10="","",IFERROR(J10*(B10/D10),0)) -> 0 | L10: =IF($A10="","",B10-K10) -> 5000 | M10: =IF($A10="","",L10+G10) -> 10590
A11: ='Employee Master'!A10 -> Partha Das | B11: =IF($A11="","",'Employee Master'!B10) -> 0 | C11: =IF($A11="","",'Employee Master'!C10) -> 0 | D11: =IF($A11="","",IFERROR(VLOOKUP($B$3,'Monthly Working Days'!$A$5:$B$24,2,0),"")) -> 26 | E11: =IF($A11="","",COUNTIFS('Attendance Log'!$B$5:$B$404,$A11,'Attendance Log'!$C$5:$C$404,$B$3)) -> 0 | F11: =IF($A11="","",D11-E11) -> 26 | G11: =IF($A11="","",C11*F11) -> 0 | H11: =IF($A11="","",COUNTIFS('Attendance Log'!$A$5:$A$404,">="&$P$5,'Attendance Log'!$A$5:$A$404,"<="&$P$6,'Attendance Log'!$B$5:$B$404,$A11)+IFERROR(SUMIFS('FY Opening Leaves'!$C:$C,'FY Opening Leaves'!$A:$A,$P$7,'FY Opening Leaves'!$B:$B,$A11),0)) -> 0 | I11: =IF($A11="","",H11+E11) -> 0 | J11: =IF($A11="","",MAX(0,I11-30)-MAX(0,H11-30)) -> 0 | K11: =IF($A11="","",IFERROR(J11*(B11/D11),0)) -> 0 | L11: =IF($A11="","",B11-K11) -> 0 | M11: =IF($A11="","",L11+G11) -> 0
A12: ='Employee Master'!A11 -> 0 | B12: =IF($A12="","",'Employee Master'!B11) | C12: =IF($A12="","",'Employee Master'!C11) | D12: =IF($A12="","",IFERROR(VLOOKUP($B$3,'Monthly Working Days'!$A$5:$B$24,2,0),"")) | E12: =IF($A12="","",COUNTIFS('Attendance Log'!$B$5:$B$404,$A12,'Attendance Log'!$C$5:$C$404,$B$3)) | F12: =IF($A12="","",D12-E12) | G12: =IF($A12="","",C12*F12) | H12: =IF($A12="","",COUNTIFS('Attendance Log'!$A$5:$A$404,">="&$P$5,'Attendance Log'!$A$5:$A$404,"<="&$P$6,'Attendance Log'!$B$5:$B$404,$A12)+IFERROR(SUMIFS('FY Opening Leaves'!$C:$C,'FY Opening Leaves'!$A:$A,$P$7,'FY Opening Leaves'!$B:$B,$A12),0)) | I12: =IF($A12="","",H12+E12) | J12: =IF($A12="","",MAX(0,I12-30)-MAX(0,H12-30)) | K12: =IF($A12="","",IFERROR(J12*(B12/D12),0)) | L12: =IF($A12="","",B12-K12) | M12: =IF($A12="","",L12+G12)
A13: ='Employee Master'!A12 -> 0 | B13: =IF($A13="","",'Employee Master'!B12) | C13: =IF($A13="","",'Employee Master'!C12) | D13: =IF($A13="","",IFERROR(VLOOKUP($B$3,'Monthly Working Days'!$A$5:$B$24,2,0),"")) | E13: =IF($A13="","",COUNTIFS('Attendance Log'!$B$5:$B$404,$A13,'Attendance Log'!$C$5:$C$404,$B$3)) | F13: =IF($A13="","",D13-E13) | G13: =IF($A13="","",C13*F13) | H13: =IF($A13="","",COUNTIFS('Attendance Log'!$A$5:$A$404,">="&$P$5,'Attendance Log'!$A$5:$A$404,"<="&$P$6,'Attendance Log'!$B$5:$B$404,$A13)+IFERROR(SUMIFS('FY Opening Leaves'!$C:$C,'FY Opening Leaves'!$A:$A,$P$7,'FY Opening Leaves'!$B:$B,$A13),0)) | I13: =IF($A13="","",H13+E13) | J13: =IF($A13="","",MAX(0,I13-30)-MAX(0,H13-30)) | K13: =IF($A13="","",IFERROR(J13*(B13/D13),0)) | L13: =IF($A13="","",B13-K13) | M13: =IF($A13="","",L13+G13)
A14: ='Employee Master'!A13 -> 0 | B14: =IF($A14="","",'Employee Master'!B13) | C14: =IF($A14="","",'Employee Master'!C13) | D14: =IF($A14="","",IFERROR(VLOOKUP($B$3,'Monthly Working Days'!$A$5:$B$24,2,0),"")) | E14: =IF($A14="","",COUNTIFS('Attendance Log'!$B$5:$B$404,$A14,'Attendance Log'!$C$5:$C$404,$B$3)) | F14: =IF($A14="","",D14-E14) | G14: =IF($A14="","",C14*F14) | H14: =IF($A14="","",COUNTIFS('Attendance Log'!$A$5:$A$404,">="&$P$5,'Attendance Log'!$A$5:$A$404,"<="&$P$6,'Attendance Log'!$B$5:$B$404,$A14)+IFERROR(SUMIFS('FY Opening Leaves'!$C:$C,'FY Opening Leaves'!$A:$A,$P$7,'FY Opening Leaves'!$B:$B,$A14),0)) | I14: =IF($A14="","",H14+E14) | J14: =IF($A14="","",MAX(0,I14-30)-MAX(0,H14-30)) | K14: =IF($A14="","",IFERROR(J14*(B14/D14),0)) | L14: =IF($A14="","",B14-K14) | M14: =IF($A14="","",L14+G14)
A15: ='Employee Master'!A14 -> 0 | B15: =IF($A15="","",'Employee Master'!B14) | C15: =IF($A15="","",'Employee Master'!C14) | D15: =IF($A15="","",IFERROR(VLOOKUP($B$3,'Monthly Working Days'!$A$5:$B$24,2,0),"")) | E15: =IF($A15="","",COUNTIFS('Attendance Log'!$B$5:$B$404,$A15,'Attendance Log'!$C$5:$C$404,$B$3)) | F15: =IF($A15="","",D15-E15) | G15: =IF($A15="","",C15*F15) | H15: =IF($A15="","",COUNTIFS('Attendance Log'!$A$5:$A$404,">="&$P$5,'Attendance Log'!$A$5:$A$404,"<="&$P$6,'Attendance Log'!$B$5:$B$404,$A15)+IFERROR(SUMIFS('FY Opening Leaves'!$C:$C,'FY Opening Leaves'!$A:$A,$P$7,'FY Opening Leaves'!$B:$B,$A15),0)) | I15: =IF($A15="","",H15+E15) | J15: =IF($A15="","",MAX(0,I15-30)-MAX(0,H15-30)) | K15: =IF($A15="","",IFERROR(J15*(B15/D15),0)) | L15: =IF($A15="","",B15-K15) | M15: =IF($A15="","",L15+G15)
A16: TOTAL | K16: =SUM(K6:K15) -> 0 | M16: =SUM(M6:M15) -> 74390
